{
    "laioncc-to-gpt-w-1022k_reviews": {
        "complex": 38.12316715542522,
        "conv": 49.21052631578947,
        "detail": 41.81818181818182
    }
}