{
    "laioncc-w-1022k-to-gpt-w-1022k_reviews": {
        "complex": 44.705882352941174,
        "conv": 46.64879356568365,
        "detail": 44.24242424242425
    }
}