{
    "laioncc-w-1022k-to-gpt_reviews": {
        "complex": 43.23529411764706,
        "conv": 44.03183023872679,
        "detail": 44.57831325301204
    }
}