{
    "laioncc-to-gpt_reviews": {
        "complex": 38.32335329341318,
        "conv": 44.73684210526316,
        "detail": 44.57831325301204
    }
}