{
    "llava-calm2-siglip_reviews": {
        "complex": 51.33531157270029,
        "conv": 52.11640211640212,
        "detail": 55.90062111801242
    }
}